Frame Number,Detected Reading
0,011
1,011
2,011
3,011
4,011
5,011
6,011
7,011
8,011
9,011
10,011
11,011
12,011
13,011
14,011
15,011
16,011
17,011
18,011
19,011
20,011
21,102
22,062
23,1022
24,1022
25,1022
26,1022
27,1022
28,1022
29,1022
30,1022
31,1022
32,1022
33,1022
34,1022
35,1022
36,1022
37,1022
38,1022
39,1022
40,1022
41,1022
42,1022
43,1022
44,1022
45,1022
46,1022
47,1022
48,1022
49,1022
50,1022
51,1022
52,1022
53,1022
54,1022
55,1022
56,1022
57,1022
58,1022
59,1022
60,1022
61,1022
62,1022
63,1022
64,1022
65,1022
66,1022
67,1022
68,1022
69,1022
70,1022
71,1022
72,1022
73,1022
74,112
75,1602
76,1602
77,120
78,123
79,123
80,123
81,123
82,123
83,123
84,123
85,123
86,123
87,123
88,123
89,123
90,123
91,123
92,123
93,123
94,123
95,123
96,123
97,123
98,123
99,123
100,123
101,123
102,123
103,123
104,123
105,123
106,123
107,123
108,123
109,123
110,123
111,123
112,123
113,123
114,123
115,123
116,123
117,123
118,123
119,123
120,123
121,123
122,123
123,12123
124,1233
125,12383
126,12383
127,1123
128,11234
129,1234
130,1234
131,1234
132,1234
133,1234
134,1234
135,1234
136,1234
137,1234
138,1234
139,1234
140,1234
141,1234
142,1234
143,1234
144,1234
145,1234
146,1234
147,1234
148,1234
149,1234
150,1234
151,1234
152,1234
153,1234
154,1234
155,1234
156,1234
157,1234
158,1234
159,1234
160,1234
161,1234
162,1234
163,1234
164,1234
165,1234
166,1234
167,1234
168,1234
169,1234
170,1234
171,1234
172,1234
173,1234
174,1234
175,1234
176,1234
177,1234
178,1234
179,1234
180,1234
181,16234
182,166945
183,16695
184,195
185,12345
186,12345
187,12345
188,12345
189,12345
190,12345
191,12345
192,12345
193,12345
194,12345
195,12345
196,12345
197,12345
198,12345
199,12345
200,12345
201,12345
202,12345
203,12345
204,12345
205,12345
206,12345
207,12345
208,12345
209,12345
210,12345
211,12345
212,12345
213,12345
214,12345
215,1669456
216,166956
217,126956
218,126456
219,123456
220,123456
221,123456
222,123456
223,123456
224,123456
225,123456
226,123456
227,123456
228,123456
229,123456
230,123456
231,123456
232,123456
233,123456
234,123456
235,123456
236,123456
237,123456
238,123456
239,123456
240,123456
241,123456
242,123456
243,123456
244,123456
245,123456
246,123456
247,123456
248,123456
249,123456
250,123456
251,123456
252,123456
253,123456
254,123456
255,123456
256,1123456
257,6294556
258,6694568
259,1269568
260,1239568
261,1234567
262,1234567
263,1234567
264,1234567
265,1234567
266,1234567
267,1234567
268,1234567
269,1234567
270,1234567
271,1234567
272,1234567
273,1234567
274,1234567
275,1234567
276,1234567
277,1234567
278,1234567
279,1234567
280,1234567
281,1234567
282,1234567
283,1234567
284,1234567
285,1234567
286,1234567
287,1234567
288,1234567
289,1234567
290,1234567
291,1234567
292,1234567
293,1234567
294,1234567
295,1234567
296,1234567
297,1234567
298,1234567
299,1234567
300,1234567
301,1234567
302,3946987
303,89698
304,389698
305,389698
306,3459678
307,349678
308,345678
309,345678
310,345678
311,345678
312,345678
313,345678
314,345678
315,345678
316,345678
317,345678
318,345678
319,345678
320,345678
321,345678
322,345678
323,345678
324,345678
325,345678
326,345678
327,345678
328,345678
329,345678
330,345678
331,345678
332,345678
333,345678
334,345678
335,345678
336,345678
337,345678
338,345678
339,345678
340,345678
341,345678
342,345678
343,345678
344,345678
345,345678
346,945888
347,9456888
348,9456889
349,45689
350,456789
351,456789
352,456789
353,456789
354,456789
355,456789
356,456789
357,456789
358,456789
359,456789
360,456789
361,456789
362,456789
363,456789
364,456789
365,456789
366,456789
367,456789
368,456789
369,456789
370,456789
371,456789
372,456789
373,456789
374,456789
375,456789
376,456789
377,456789
378,456789
379,456789
380,456789
381,456789
382,456789
383,456789
384,456789
385,456789
386,456789
387,456789
388,456789
389,56789
390,456789
391,456789
392,456789
393,456789
394,456789
395,456789
396,456789
397,456789
398,456789
399,456789
400,456789
401,456789
402,456789
403,456789
404,456789
405,456789
406,456789
407,456789
408,456789
409,456789
410,456789
411,456789
412,456789
413,456789
414,456789
415,456789
416,456789
417,456789
418,456789
419,456789
420,456789
421,456789
422,456789
423,456789
424,456789
425,456789
426,456789
427,456789
428,456789
429,456789
430,456789
431,456789
432,456789
433,456789
434,456789
435,4568899
436,4568899
437,4568899
438,56899
439,56789
440,56789
441,567891
442,567891
443,567891
444,567891
445,567891
446,567891
447,567891
448,567891
449,567891
450,567891
451,567891
452,567891
453,567891
454,567891
455,567891
456,567891
457,567891
458,567891
459,567891
460,567891
461,567891
462,567891
463,567891
464,567891
465,567891
466,567891
467,567891
468,567891
469,567891
470,567891
471,567891
472,567891
473,567891
474,567891
475,567891
476,567891
477,567891
478,567891
479,567891
480,568899
481,5688996
482,5688996
483,568942
484,5678942
485,567892
486,567892
487,5678912
488,5678912
489,5678912
490,5678912
491,5678912
492,5678912
493,5678912
494,5678912
495,5678912
496,5678912
497,5678912
498,5678912
499,5678912
500,5678912
501,5678912
502,5678912
503,5678912
504,5678912
505,5678912
506,5678912
507,5678912
508,5678912
509,5678912
510,5678912
511,5678912
512,5678912
513,5678912
514,5678912
515,5678912
516,5678912
517,5678912
518,78912
519,987832
520,988932
521,891352
522,789135
523,789135
524,789123
525,789123
526,789123
527,789123
528,789123
529,789123
530,789123
531,789123
532,789123
533,789123
534,789123
535,789123
536,789123
537,789123
538,789123
539,789123
540,789123
541,789123
542,789123
543,789123
544,789123
545,789123
546,789123
547,789123
548,789123
549,789123
550,789123
551,789123
552,789123
553,789123
554,789123
555,789123
556,789123
557,789123
558,789123
559,789123
560,789123
561,889963
562,8899634
563,899234
564,8992334
565,894234
566,894234
567,894234
568,891234
569,891234
570,891234
571,891234
572,891234
573,891234
574,891234
575,891234
576,891234
577,891234
578,891234
579,891234
580,891234
581,891234
582,891234
583,891234
584,891234
585,891234
586,891234
587,891234
588,891234
589,891234
590,891234
591,891234
592,891234
593,891234
594,891234
595,891234
596,891234
597,891234
598,891234
599,891234
600,891234
601,891234
602,891234
603,891234
604,891234
605,891234
606,891234
607,891234
608,891234
609,891234
610,891234
611,891234
612,891234
613,891234
614,8996234
615,9966348
616,9966348
617,996348
618,992646
619,92346
620,912346
621,912346
622,912346
623,912346
624,912346
625,912346
626,912346
627,912346
628,912346
629,912346
630,912346
631,912346
632,912346
633,912346
634,912346
635,912346
636,912346
637,912346
638,912346
639,912346
640,912346
641,912346
642,912346
643,912346
644,912346
645,912346
646,912346
647,912346
648,912346
649,912346
650,912346
651,912346
652,912346
653,912346
654,912346
655,912346
656,912346
657,912346
658,912346
659,912346
660,912346
661,912346
662,912346
663,912346
664,996638
665,9663488
666,9966488
667,99648
668,9926346
669,923467
670,9123467
671,9123467
672,9123467
673,9123467
674,9123467
675,9123467
676,9123467
677,9123467
678,9123467
679,9123467
680,9123467
681,9123467
682,9123467
683,9123467
684,9123467
685,9123467
686,9123467
687,9123467
688,9123467
689,9123467
690,9123467
691,9123467
692,9123467
693,9123467
694,9123467
695,9123467
696,9123467
697,9123467
698,9123467
699,9123467
700,9123467
701,9123467
702,9123467
703,9123467
704,9123467
705,9123467
706,9123467
707,9123467
708,9123467
709,9123467
710,9123467
711,9123467
712,9123467
713,9123467
714,9123467
715,9123467
716,9123467
717,3296467
718,3296967
719,329696
720,329696
721,2329466
722,2324676
723,234676
724,234676
725,234676
726,234676
727,234676
728,234676
729,234676
730,234676
731,234676
732,234676
733,234676
734,234676
735,234676
736,234676
737,234676
738,234676
739,234676
740,234676
741,234676
742,234676
743,234676
744,234676
745,348686
746,6348886
747,3488867
748,3347
749,346767
750,34677
751,346767
752,346767
753,346767
754,346767
755,346767
756,346767
757,346767
758,346767
759,346767
760,346767
761,346767
762,346767
763,346767
764,346767
765,346767
766,346767
767,346767
768,346767
769,346767
770,346767
771,346767
772,346767
773,346767
774,346767
775,346767
776,346767
777,346767
778,346767
779,346767
780,346767
781,346767
782,346767
783,346767
784,346767
785,346767
786,346767
787,346767
788,346767
789,346767
790,346767
791,346767
792,346767
793,346867
794,346679
795,3467679
796,467679
797,467679
798,467679
799,467679
800,467679
801,467679
802,467679
803,467679
804,467679
805,467679
806,467679
807,467679
808,467679
809,467679
810,467679
811,467679
812,467679
813,467679
814,467679
815,467679
816,467679
817,467679
818,467679
819,467679
820,467679
821,467679
822,467679
823,467679
824,467679
825,467679
826,467679
827,467679
828,467679
829,467679
830,467679
831,467679
832,467679
833,467679
834,467679
835,467679
836,888679
837,888699
838,488899
839,4888899
840,476799
841,47679
842,476794
843,4676794
844,4676794
845,4676794
846,4676794
847,4676794
848,4676794
849,4676794
850,4676794
851,4676794
852,4676794
853,4676794
854,4676794
855,4676794
856,4676794
857,4676794
858,4676794
859,4676794
860,4676794
861,4676794
862,4676794
863,4676794
864,4676794
865,4676794
866,4676794
867,486994
868,88699
869,886998
870,8867998
871,886799
872,767946
873,767946
874,6767946
875,6767946
876,6767946
877,6767946
878,6767946
879,6767946
880,6767946
881,6767946
882,6767946
883,6767946
884,6767946
885,6767946
886,6767946
887,6767946
888,6767946
889,6767946
890,6767946
891,6767946
892,6767946
893,6767946
894,6767946
895,6767946
896,6767946
897,6767946
898,6767946
899,6767946
900,6767946
901,6767946
902,6767946
903,6767946
904,6767946
905,6767946
906,6767946
907,6767946
908,6767946
909,6767946
910,6767946
911,6767946
912,6767946
913,6767946
914,6767946
915,6767946
916,6767946
917,6767946
918,6767946
919,6767946
920,6767946
921,6767946
922,6767946
923,6767946
924,6767946
925,6767946
926,6767946
927,6767946
928,6767946
929,6767946
930,6767946
931,6767946
932,6767946
933,6767946
934,6767946
935,6767946
936,6767946
937,6767946
938,6767946
939,6767946
940,6767946
941,6767946
942,6767946
943,6767946
944,6767946
945,6767946
946,6767946
947,6767946
948,6767946
949,6767946
950,6767946
951,6767946
952,6767946
953,6767946
954,6767946
955,6767946
956,6767946
957,6767946
958,6767946
959,6767946
960,6767946
961,6767946
962,6767946
963,6767946
964,6767946
965,6767946
966,6767946
967,6767946
968,6767946
969,6767946
970,6767946
971,6767946
972,6767946
973,6767946
974,6767946
975,6767946
976,6767946
977,6767946
978,6767946
979,6767946
980,6767946
981,6767946
982,6767946
983,6767946
984,6767946
985,6767946
986,6767946
987,6767946
988,6767946
989,6767946
990,6767946
991,6767946
992,6767946
993,6767946
994,6767946
995,6767946
996,6767946
997,6767946
998,6767946
999,6767946
1000,6767946
1001,6767946
1002,6767946
1003,6767946
1004,6767946
1005,6767946
1006,6767946
1007,6767946
1008,6767946
1009,6767946
1010,6767946
1011,6767946
1012,6767946
1013,6767946
1014,6767946
1015,6767946
1016,6767946
1017,6767946
1018,6767946
1019,6767946
1020,6767946
1021,6767946
1022,6767946
1023,6767946
1024,6767946
1025,6767946
1026,6767946
1027,6767946
1028,6767946
1029,6767946
1030,6767946
1031,6767946
1032,6767946
1033,6767946
1034,6767946
1035,6767946
1036,6767946
1037,6767946
1038,6767946
1039,6767946
1040,6767946
1041,6767946
1042,6767946
1043,6767946
1044,6767946
1045,6767946
1046,6767946
1047,6767946
1048,6767946
1049,6767946
1050,6767946
1051,6767946
1052,6767946
1053,6767946
1054,6767946
1055,6767946
1056,6767946
1057,6767946
1058,6767946
1059,6767946
1060,6767946
1061,6767946
1062,6767946
1063,6767946
1064,6767946
1065,6767946
1066,6767946
1067,6767946
1068,6767946
1069,6767946
1070,6767946
1071,6767946
1072,6767946
1073,6767946
1074,6767946
1075,6767946
1076,6767946
1077,6767946
1078,6767946
1079,6767946
1080,6767946
1081,6767946
1082,6767946
1083,6767946
1084,6767946
1085,6767946
1086,6767946
1087,6767946
1088,6767946
1089,6767946
1090,6767946
1091,6767946
1092,6767946
1093,6767946
1094,6767946
1095,6767946
1096,6767946
1097,6767946
1098,6767946
1099,6767946
1100,6767946
1101,6767946
